"0","summary(results);"
"1","Importance of components:
"
"1","                      "
"1","     PC1"
"1","     PC2"
"1","     PC3"
"1","     PC4"
"1","     PC5"
"1","     PC6"
"1","     PC7"
"1","
Standard deviation    "
"1"," 1.54391"
"1"," 1.46675"
"1"," 1.15617"
"1"," 1.12035"
"1"," 1.08971"
"1"," 1.07034"
"1"," 1.04791"
"1","
"
"1","                      "
"1","     PC8"
"1","     PC9"
"1","    PC10"
"1","    PC11"
"1","   PC12"
"1","    PC13"
"1","    PC14"
"1","
Standard deviation    "
"1"," 1.02936"
"1"," 1.00845"
"1"," 0.97889"
"1"," 0.93849"
"1"," 0.9163"
"1"," 0.86925"
"1"," 0.86216"
"1","
"
"1","                      "
"1","    PC15"
"1","    PC16"
"1","    PC17"
"1","    PC18"
"1","    PC19"
"1","    PC20"
"1","    PC21"
"1","
Standard deviation    "
"1"," 0.81128"
"1"," 0.80076"
"1"," 0.77937"
"1"," 0.74790"
"1"," 0.69559"
"1"," 0.67858"
"1"," 0.65597"
"1","
"
"1","                      "
"1","    PC22"
"1","    PC23"
"1","    PC24"
"1","    PC25"
"1","   PC26"
"1","    PC27"
"1","   PC28"
"1","
Standard deviation    "
"1"," 0.61918"
"1"," 0.59885"
"1"," 0.59458"
"1"," 0.57673"
"1"," 0.5700"
"1"," 0.56063"
"1"," 0.5587"
"1","
"
"1","                      "
"1","    PC29"
"1","    PC30"
"1","    PC31"
"1","    PC32"
"1","    PC33"
"1","    PC34"
"1","    PC35"
"1","
Standard deviation    "
"1"," 0.54267"
"1"," 0.53020"
"1"," 0.51254"
"1"," 0.49740"
"1"," 0.48661"
"1"," 0.48488"
"1"," 0.46633"
"1","
"
"1","                      "
"1","    PC36"
"1","    PC37"
"1","    PC38"
"1","    PC39"
"1","    PC40"
"1","    PC41"
"1","    PC42"
"1","
Standard deviation    "
"1"," 0.46380"
"1"," 0.45546"
"1"," 0.44845"
"1"," 0.43802"
"1"," 0.43602"
"1"," 0.42797"
"1"," 0.41710"
"1","
"
"1","                      "
"1","    PC43"
"1","    PC44"
"1","    PC45"
"1","    PC46"
"1","    PC47"
"1","    PC48"
"1","    PC49"
"1","
Standard deviation    "
"1"," 0.41255"
"1"," 0.40263"
"1"," 0.39917"
"1"," 0.38826"
"1"," 0.38160"
"1"," 0.37479"
"1"," 0.36368"
"1","
"
"1","                      "
"1","    PC50"
"1","   PC51"
"1","    PC52"
"1","    PC53"
"1","    PC54"
"1","    PC55"
"1","    PC56"
"1","
Standard deviation    "
"1"," 0.35620"
"1"," 0.3449"
"1"," 0.34233"
"1"," 0.33998"
"1"," 0.33455"
"1"," 0.32806"
"1"," 0.32278"
"1","
"
"1","                      "
"1","    PC57"
"1","    PC58"
"1","    PC59"
"1","    PC60"
"1","    PC61"
"1","    PC62"
"1","    PC63"
"1","
Standard deviation    "
"1"," 0.31771"
"1"," 0.31334"
"1"," 0.30463"
"1"," 0.30256"
"1"," 0.29648"
"1"," 0.29439"
"1"," 0.29097"
"1","
"
"1","                      "
"1","    PC64"
"1","   PC65"
"1","    PC66"
"1","    PC67"
"1","    PC68"
"1","    PC69"
"1","    PC70"
"1","
Standard deviation    "
"1"," 0.28771"
"1"," 0.2776"
"1"," 0.27163"
"1"," 0.26659"
"1"," 0.26514"
"1"," 0.25928"
"1"," 0.25753"
"1","
"
"1","                      "
"1","    PC71"
"1","    PC72"
"1","    PC73"
"1","    PC74"
"1","    PC75"
"1","    PC76"
"1","    PC77"
"1","
Standard deviation    "
"1"," 0.25195"
"1"," 0.25002"
"1"," 0.24833"
"1"," 0.24686"
"1"," 0.24481"
"1"," 0.24305"
"1"," 0.23946"
"1","
"
"1","                      "
"1","    PC78"
"1","    PC79"
"1","    PC80"
"1","    PC81"
"1","   PC82"
"1","    PC83"
"1","   PC84"
"1","
Standard deviation    "
"1"," 0.23421"
"1"," 0.22946"
"1"," 0.22796"
"1"," 0.22431"
"1"," 0.2193"
"1"," 0.21542"
"1"," 0.2124"
"1","
"
"1","                      "
"1","    PC85"
"1","    PC86"
"1","    PC87"
"1","    PC88"
"1","    PC89"
"1","    PC90"
"1","    PC91"
"1","
Standard deviation    "
"1"," 0.20992"
"1"," 0.20570"
"1"," 0.19701"
"1"," 0.19520"
"1"," 0.19425"
"1"," 0.19074"
"1"," 0.18910"
"1","
"
"1","                      "
"1","    PC92"
"1","    PC93"
"1","    PC94"
"1","    PC95"
"1","    PC96"
"1","   PC97"
"1","   PC98"
"1","
Standard deviation    "
"1"," 0.18602"
"1"," 0.18315"
"1"," 0.18206"
"1"," 0.17868"
"1"," 0.17481"
"1"," 0.1701"
"1"," 0.1699"
"1","
"
"1","                      "
"1","    PC99"
"1","   PC100"
"1","   PC101"
"1","   PC102"
"1","   PC103"
"1","   PC104"
"1","   PC105"
"1","
Standard deviation    "
"1"," 0.16866"
"1"," 0.16765"
"1"," 0.16414"
"1"," 0.16136"
"1"," 0.15968"
"1"," 0.15920"
"1"," 0.15680"
"1","
"
"1","                      "
"1","   PC106"
"1","   PC107"
"1","   PC108"
"1","  PC109"
"1","   PC110"
"1","   PC111"
"1","   PC112"
"1","
Standard deviation    "
"1"," 0.15571"
"1"," 0.15395"
"1"," 0.15232"
"1"," 0.1499"
"1"," 0.14852"
"1"," 0.14762"
"1"," 0.14428"
"1","
"
"1","                      "
"1","   PC113"
"1","   PC114"
"1","   PC115"
"1","  PC116"
"1","   PC117"
"1","   PC118"
"1","   PC119"
"1","
Standard deviation    "
"1"," 0.14284"
"1"," 0.14152"
"1"," 0.14079"
"1"," 0.1387"
"1"," 0.13720"
"1"," 0.13673"
"1"," 0.13578"
"1","
"
"1","                      "
"1","   PC120"
"1","   PC121"
"1","   PC122"
"1","   PC123"
"1","   PC124"
"1","  PC125"
"1","   PC126"
"1","
Standard deviation    "
"1"," 0.13439"
"1"," 0.13285"
"1"," 0.13008"
"1"," 0.12950"
"1"," 0.12787"
"1"," 0.1274"
"1"," 0.12602"
"1","
"
"1","                      "
"1","   PC127"
"1","   PC128"
"1","   PC129"
"1","   PC130"
"1","   PC131"
"1","   PC132"
"1","   PC133"
"1","
Standard deviation    "
"1"," 0.12534"
"1"," 0.12451"
"1"," 0.12399"
"1"," 0.12192"
"1"," 0.12109"
"1"," 0.12003"
"1"," 0.11986"
"1","
"
"1","                      "
"1","   PC134"
"1","   PC135"
"1","   PC136"
"1","   PC137"
"1","   PC138"
"1","  PC139"
"1","  PC140"
"1","
Standard deviation    "
"1"," 0.11941"
"1"," 0.11805"
"1"," 0.11658"
"1"," 0.11549"
"1"," 0.11525"
"1"," 0.1139"
"1"," 0.1134"
"1","
"
"1","                      "
"1","   PC141"
"1","   PC142"
"1","   PC143"
"1","   PC144"
"1","   PC145"
"1","   PC146"
"1","   PC147"
"1","
Standard deviation    "
"1"," 0.11272"
"1"," 0.11176"
"1"," 0.11095"
"1"," 0.11058"
"1"," 0.10955"
"1"," 0.10914"
"1"," 0.10843"
"1","
"
"1","                      "
"1","   PC148"
"1","   PC149"
"1","   PC150"
"1","   PC151"
"1","   PC152"
"1","   PC153"
"1","   PC154"
"1","
Standard deviation    "
"1"," 0.10754"
"1"," 0.10680"
"1"," 0.10647"
"1"," 0.10619"
"1"," 0.10543"
"1"," 0.10472"
"1"," 0.10368"
"1","
"
"1","                      "
"1","   PC155"
"1","   PC156"
"1","   PC157"
"1","   PC158"
"1","   PC159"
"1","   PC160"
"1","   PC161"
"1","
Standard deviation    "
"1"," 0.10351"
"1"," 0.10232"
"1"," 0.10200"
"1"," 0.10157"
"1"," 0.10100"
"1"," 0.10047"
"1"," 0.09994"
"1","
"
"1","                      "
"1","   PC162"
"1","   PC163"
"1","   PC164"
"1","   PC165"
"1","   PC166"
"1","   PC167"
"1","   PC168"
"1","
Standard deviation    "
"1"," 0.09987"
"1"," 0.09957"
"1"," 0.09876"
"1"," 0.09788"
"1"," 0.09769"
"1"," 0.09719"
"1"," 0.09660"
"1","
"
"1","                      "
"1","   PC169"
"1","   PC170"
"1","   PC171"
"1","   PC172"
"1","   PC173"
"1","   PC174"
"1","   PC175"
"1","
Standard deviation    "
"1"," 0.09578"
"1"," 0.09484"
"1"," 0.09462"
"1"," 0.09414"
"1"," 0.09368"
"1"," 0.09275"
"1"," 0.09247"
"1","
"
"1","                      "
"1","   PC176"
"1","   PC177"
"1","   PC178"
"1","   PC179"
"1","   PC180"
"1","   PC181"
"1","   PC182"
"1","
Standard deviation    "
"1"," 0.09216"
"1"," 0.09174"
"1"," 0.09114"
"1"," 0.09033"
"1"," 0.08988"
"1"," 0.08967"
"1"," 0.08910"
"1","
"
"1","                      "
"1","   PC183"
"1","   PC184"
"1","   PC185"
"1","   PC186"
"1","   PC187"
"1","   PC188"
"1","   PC189"
"1","
Standard deviation    "
"1"," 0.08868"
"1"," 0.08815"
"1"," 0.08723"
"1"," 0.08695"
"1"," 0.08644"
"1"," 0.08626"
"1"," 0.08566"
"1","
"
"1","                      "
"1","   PC190"
"1","   PC191"
"1","   PC192"
"1","   PC193"
"1","   PC194"
"1","   PC195"
"1","   PC196"
"1","
Standard deviation    "
"1"," 0.08545"
"1"," 0.08477"
"1"," 0.08450"
"1"," 0.08363"
"1"," 0.08301"
"1"," 0.08263"
"1"," 0.08232"
"1","
"
"1","                      "
"1","   PC197"
"1","   PC198"
"1","   PC199"
"1","   PC200"
"1","   PC201"
"1","  PC202"
"1","   PC203"
"1","
Standard deviation    "
"1"," 0.08207"
"1"," 0.08112"
"1"," 0.08066"
"1"," 0.08014"
"1"," 0.07994"
"1"," 0.0793"
"1"," 0.07893"
"1","
"
"1","                      "
"1","   PC204"
"1","   PC205"
"1","   PC206"
"1","   PC207"
"1","   PC208"
"1","   PC209"
"1","   PC210"
"1","
Standard deviation    "
"1"," 0.07803"
"1"," 0.07784"
"1"," 0.07739"
"1"," 0.07694"
"1"," 0.07654"
"1"," 0.07605"
"1"," 0.07548"
"1","
"
"1","                      "
"1","   PC211"
"1","   PC212"
"1","   PC213"
"1","   PC214"
"1","   PC215"
"1","   PC216"
"1","   PC217"
"1","
Standard deviation    "
"1"," 0.07510"
"1"," 0.07446"
"1"," 0.07436"
"1"," 0.07398"
"1"," 0.07283"
"1"," 0.07260"
"1"," 0.07226"
"1","
"
"1","                      "
"1","   PC218"
"1","   PC219"
"1","   PC220"
"1","   PC221"
"1","   PC222"
"1","   PC223"
"1","   PC224"
"1","
Standard deviation    "
"1"," 0.07194"
"1"," 0.07112"
"1"," 0.07030"
"1"," 0.06981"
"1"," 0.06963"
"1"," 0.06872"
"1"," 0.06812"
"1","
"
"1","                      "
"1","   PC225"
"1","   PC226"
"1","   PC227"
"1","   PC228"
"1","   PC229"
"1","   PC230"
"1","   PC231"
"1","
Standard deviation    "
"1"," 0.06789"
"1"," 0.06726"
"1"," 0.06708"
"1"," 0.06625"
"1"," 0.06586"
"1"," 0.06575"
"1"," 0.06547"
"1","
"
"1","                      "
"1","   PC232"
"1","   PC233"
"1","   PC234"
"1","   PC235"
"1","   PC236"
"1","   PC237"
"1","   PC238"
"1","
Standard deviation    "
"1"," 0.06477"
"1"," 0.06414"
"1"," 0.06412"
"1"," 0.06321"
"1"," 0.06303"
"1"," 0.06233"
"1"," 0.06212"
"1","
"
"1","                      "
"1","   PC239"
"1","   PC240"
"1","   PC241"
"1","   PC242"
"1","   PC243"
"1","   PC244"
"1","   PC245"
"1","
Standard deviation    "
"1"," 0.06119"
"1"," 0.06090"
"1"," 0.05995"
"1"," 0.05956"
"1"," 0.05878"
"1"," 0.05839"
"1"," 0.05805"
"1","
"
"1","                      "
"1","   PC246"
"1","  PC247"
"1","   PC248"
"1","   PC249"
"1","   PC250"
"1","   PC251"
"1","   PC252"
"1","
Standard deviation    "
"1"," 0.05773"
"1"," 0.0572"
"1"," 0.05649"
"1"," 0.05634"
"1"," 0.05517"
"1"," 0.05475"
"1"," 0.05401"
"1","
"
"1","                      "
"1","   PC253"
"1","   PC254"
"1","   PC255"
"1","   PC256"
"1","   PC257"
"1","   PC258"
"1","   PC259"
"1","
Standard deviation    "
"1"," 0.05338"
"1"," 0.05321"
"1"," 0.05278"
"1"," 0.05239"
"1"," 0.05201"
"1"," 0.05148"
"1"," 0.05113"
"1","
"
"1","                      "
"1","   PC260"
"1","   PC261"
"1","   PC262"
"1","   PC263"
"1","   PC264"
"1","   PC265"
"1","   PC266"
"1","
Standard deviation    "
"1"," 0.05016"
"1"," 0.04976"
"1"," 0.04943"
"1"," 0.04909"
"1"," 0.04826"
"1"," 0.04790"
"1"," 0.04742"
"1","
"
"1","                      "
"1","   PC267"
"1","   PC268"
"1","   PC269"
"1","   PC270"
"1","   PC271"
"1","   PC272"
"1","   PC273"
"1","
Standard deviation    "
"1"," 0.04734"
"1"," 0.04678"
"1"," 0.04658"
"1"," 0.04628"
"1"," 0.04551"
"1"," 0.04504"
"1"," 0.04479"
"1","
"
"1","                      "
"1","   PC274"
"1","   PC275"
"1","   PC276"
"1","   PC277"
"1","   PC278"
"1","   PC279"
"1","   PC280"
"1","
Standard deviation    "
"1"," 0.04433"
"1"," 0.04376"
"1"," 0.04348"
"1"," 0.04339"
"1"," 0.04259"
"1"," 0.04244"
"1"," 0.04172"
"1","
"
"1","                      "
"1","   PC281"
"1","   PC282"
"1","   PC283"
"1","   PC284"
"1","   PC285"
"1","   PC286"
"1","   PC287"
"1","
Standard deviation    "
"1"," 0.04140"
"1"," 0.04089"
"1"," 0.04038"
"1"," 0.04021"
"1"," 0.03952"
"1"," 0.03930"
"1"," 0.03896"
"1","
"
"1","                      "
"1","   PC288"
"1","   PC289"
"1","   PC290"
"1","   PC291"
"1","   PC292"
"1","   PC293"
"1","   PC294"
"1","
Standard deviation    "
"1"," 0.03866"
"1"," 0.03796"
"1"," 0.03784"
"1"," 0.03748"
"1"," 0.03691"
"1"," 0.03670"
"1"," 0.03643"
"1","
"
"1","                      "
"1","   PC295"
"1","   PC296"
"1","   PC297"
"1","   PC298"
"1","   PC299"
"1","   PC300"
"1","   PC301"
"1","
Standard deviation    "
"1"," 0.03595"
"1"," 0.03577"
"1"," 0.03516"
"1"," 0.03482"
"1"," 0.03455"
"1"," 0.03422"
"1"," 0.03364"
"1","
"
"1","                      "
"1","   PC302"
"1","   PC303"
"1","   PC304"
"1","   PC305"
"1","   PC306"
"1","   PC307"
"1","   PC308"
"1","
Standard deviation    "
"1"," 0.03343"
"1"," 0.03312"
"1"," 0.03306"
"1"," 0.03263"
"1"," 0.03253"
"1"," 0.03223"
"1"," 0.03146"
"1","
"
"1","                      "
"1","   PC309"
"1","   PC310"
"1","   PC311"
"1","   PC312"
"1","   PC313"
"1","   PC314"
"1","   PC315"
"1","
Standard deviation    "
"1"," 0.03132"
"1"," 0.03116"
"1"," 0.03068"
"1"," 0.02999"
"1"," 0.02977"
"1"," 0.02903"
"1"," 0.02847"
"1","
"
"1","                      "
"1","   PC316"
"1","   PC317"
"1","   PC318"
"1","   PC319"
"1","   PC320"
"1","   PC321"
"1","   PC322"
"1","
Standard deviation    "
"1"," 0.02829"
"1"," 0.02822"
"1"," 0.02800"
"1"," 0.02783"
"1"," 0.02755"
"1"," 0.02706"
"1"," 0.02664"
"1","
"
"1","                      "
"1","   PC323"
"1","   PC324"
"1","   PC325"
"1","   PC326"
"1","   PC327"
"1","   PC328"
"1","   PC329"
"1","
Standard deviation    "
"1"," 0.02622"
"1"," 0.02568"
"1"," 0.02551"
"1"," 0.02500"
"1"," 0.02430"
"1"," 0.02393"
"1"," 0.02382"
"1","
"
"1","                      "
"1","   PC330"
"1","   PC331"
"1","   PC332"
"1","   PC333"
"1","   PC334"
"1","   PC335"
"1","   PC336"
"1","
Standard deviation    "
"1"," 0.02354"
"1"," 0.02306"
"1"," 0.02270"
"1"," 0.02243"
"1"," 0.02220"
"1"," 0.02185"
"1"," 0.02139"
"1","
"
"1","                      "
"1","   PC337"
"1","   PC338"
"1","   PC339"
"1","   PC340"
"1","   PC341"
"1","   PC342"
"1","   PC343"
"1","
Standard deviation    "
"1"," 0.02116"
"1"," 0.02092"
"1"," 0.02053"
"1"," 0.02009"
"1"," 0.01996"
"1"," 0.01970"
"1"," 0.01951"
"1","
"
"1","                      "
"1","   PC344"
"1","   PC345"
"1","   PC346"
"1","   PC347"
"1","   PC348"
"1","   PC349"
"1","   PC350"
"1","
Standard deviation    "
"1"," 0.01926"
"1"," 0.01901"
"1"," 0.01873"
"1"," 0.01806"
"1"," 0.01774"
"1"," 0.01767"
"1"," 0.01733"
"1","
"
"1","                      "
"1","   PC351"
"1","   PC352"
"1","   PC353"
"1","   PC354"
"1","   PC355"
"1","   PC356"
"1","   PC357"
"1","
Standard deviation    "
"1"," 0.01710"
"1"," 0.01689"
"1"," 0.01617"
"1"," 0.01585"
"1"," 0.01565"
"1"," 0.01528"
"1"," 0.01513"
"1","
"
"1","                      "
"1","   PC358"
"1","   PC359"
"1","   PC360"
"1","   PC361"
"1","   PC362"
"1","   PC363"
"1","   PC364"
"1","
Standard deviation    "
"1"," 0.01461"
"1"," 0.01438"
"1"," 0.01389"
"1"," 0.01369"
"1"," 0.01348"
"1"," 0.01309"
"1"," 0.01289"
"1","
"
"1","                      "
"1","   PC365"
"1","   PC366"
"1","   PC367"
"1","   PC368"
"1","   PC369"
"1","   PC370"
"1","   PC371"
"1","
Standard deviation    "
"1"," 0.01265"
"1"," 0.01231"
"1"," 0.01217"
"1"," 0.01187"
"1"," 0.01178"
"1"," 0.01144"
"1"," 0.01138"
"1","
"
"1","                      "
"1","   PC372"
"1","   PC373"
"1","   PC374"
"1","   PC375"
"1","   PC376"
"1","    PC377"
"1","    PC378"
"1","
Standard deviation    "
"1"," 0.01105"
"1"," 0.01077"
"1"," 0.01052"
"1"," 0.01035"
"1"," 0.01028"
"1"," 0.009983"
"1"," 0.009821"
"1","
"
"1","                      "
"1","    PC379"
"1","    PC380"
"1","    PC381"
"1","    PC382"
"1","    PC383"
"1","    PC384"
"1","
Standard deviation    "
"1"," 0.009708"
"1"," 0.009322"
"1"," 0.009142"
"1"," 0.008936"
"1"," 0.008596"
"1"," 0.008475"
"1","
"
"1","                      "
"1","    PC385"
"1","   PC386"
"1","    PC387"
"1","    PC388"
"1","    PC389"
"1","    PC390"
"1","
Standard deviation    "
"1"," 0.008227"
"1"," 0.00797"
"1"," 0.007685"
"1"," 0.007244"
"1"," 0.007102"
"1"," 0.006941"
"1","
"
"1","                      "
"1","    PC391"
"1","    PC392"
"1","   PC393"
"1","    PC394"
"1","    PC395"
"1","    PC396"
"1","
Standard deviation    "
"1"," 0.006679"
"1"," 0.006606"
"1"," 0.00651"
"1"," 0.006342"
"1"," 0.006248"
"1"," 0.006002"
"1","
"
"1","                      "
"1","    PC397"
"1","    PC398"
"1","    PC399"
"1","    PC400"
"1","    PC401"
"1","   PC402"
"1","
Standard deviation    "
"1"," 0.005702"
"1"," 0.005616"
"1"," 0.005397"
"1"," 0.005295"
"1"," 0.005071"
"1"," 0.00497"
"1","
"
"1","                      "
"1","    PC403"
"1","    PC404"
"1","   PC405"
"1","    PC406"
"1","    PC407"
"1","    PC408"
"1","
Standard deviation    "
"1"," 0.004902"
"1"," 0.004732"
"1"," 0.00463"
"1"," 0.004583"
"1"," 0.004411"
"1"," 0.004242"
"1","
"
"1","                      "
"1","   PC409"
"1","   PC410"
"1","    PC411"
"1","    PC412"
"1","   PC413"
"1","    PC414"
"1","
Standard deviation    "
"1"," 0.00415"
"1"," 0.00408"
"1"," 0.003984"
"1"," 0.003861"
"1"," 0.00356"
"1"," 0.003472"
"1","
"
"1","                      "
"1","    PC415"
"1","    PC416"
"1","    PC417"
"1","    PC418"
"1","   PC419"
"1","    PC420"
"1","
Standard deviation    "
"1"," 0.003417"
"1"," 0.003354"
"1"," 0.003262"
"1"," 0.003174"
"1"," 0.00317"
"1"," 0.003051"
"1","
"
"1","                      "
"1","    PC421"
"1","    PC422"
"1","    PC423"
"1","    PC424"
"1","   PC425"
"1","    PC426"
"1","
Standard deviation    "
"1"," 0.003005"
"1"," 0.002832"
"1"," 0.002784"
"1"," 0.002702"
"1"," 0.00266"
"1"," 0.002516"
"1","
"
"1","                      "
"1","    PC427"
"1","    PC428"
"1","    PC429"
"1","    PC430"
"1","    PC431"
"1","    PC432"
"1","
Standard deviation    "
"1"," 0.002478"
"1"," 0.002382"
"1"," 0.002302"
"1"," 0.002274"
"1"," 0.002213"
"1"," 0.002161"
"1","
"
"1","                      "
"1","    PC433"
"1","    PC434"
"1","    PC435"
"1","    PC436"
"1","    PC437"
"1","   PC438"
"1","
Standard deviation    "
"1"," 0.002078"
"1"," 0.002052"
"1"," 0.002031"
"1"," 0.001963"
"1"," 0.001926"
"1"," 0.00188"
"1","
"
"1","                      "
"1","    PC439"
"1","    PC440"
"1","    PC441"
"1","    PC442"
"1","    PC443"
"1","    PC444"
"1","
Standard deviation    "
"1"," 0.001851"
"1"," 0.001817"
"1"," 0.001783"
"1"," 0.001708"
"1"," 0.001666"
"1"," 0.001637"
"1","
"
"1","                      "
"1","    PC445"
"1","    PC446"
"1","    PC447"
"1","    PC448"
"1","    PC449"
"1","    PC450"
"1","
Standard deviation    "
"1"," 0.001615"
"1"," 0.001565"
"1"," 0.001551"
"1"," 0.001524"
"1"," 0.001483"
"1"," 0.001463"
"1","
"
"1","                      "
"1","   PC451"
"1","    PC452"
"1","    PC453"
"1","    PC454"
"1","    PC455"
"1","    PC456"
"1","
Standard deviation    "
"1"," 0.00144"
"1"," 0.001421"
"1"," 0.001387"
"1"," 0.001378"
"1"," 0.001319"
"1"," 0.001288"
"1","
"
"1","                      "
"1","    PC457"
"1","    PC458"
"1","    PC459"
"1","    PC460"
"1","    PC461"
"1","    PC462"
"1","
Standard deviation    "
"1"," 0.001271"
"1"," 0.001235"
"1"," 0.001214"
"1"," 0.001187"
"1"," 0.001171"
"1"," 0.001139"
"1","
"
"1","                      "
"1","    PC463"
"1","    PC464"
"1","    PC465"
"1","    PC466"
"1","    PC467"
"1","    PC468"
"1","
Standard deviation    "
"1"," 0.001115"
"1"," 0.001102"
"1"," 0.001086"
"1"," 0.001064"
"1"," 0.001057"
"1"," 0.001038"
"1","
"
"1","                      "
"1","    PC469"
"1","    PC470"
"1","     PC471"
"1","     PC472"
"1","     PC473"
"1","     PC474"
"1","
Standard deviation    "
"1"," 0.001037"
"1"," 0.001001"
"1"," 0.0009793"
"1"," 0.0009406"
"1"," 0.0009201"
"1"," 0.0009182"
"1","
"
"1","                      "
"1","     PC475"
"1","     PC476"
"1","     PC477"
"1","     PC478"
"1","     PC479"
"1","
Standard deviation    "
"1"," 0.0009066"
"1"," 0.0008886"
"1"," 0.0008664"
"1"," 0.0008548"
"1"," 0.0008325"
"1","
"
"1","                      "
"1","     PC480"
"1","     PC481"
"1","     PC482"
"1","     PC483"
"1","     PC484"
"1","
Standard deviation    "
"1"," 0.0008188"
"1"," 0.0008156"
"1"," 0.0008001"
"1"," 0.0007835"
"1"," 0.0007772"
"1","
"
"1","                      "
"1","     PC485"
"1","     PC486"
"1","    PC487"
"1","     PC488"
"1","     PC489"
"1","     PC490"
"1","
Standard deviation    "
"1"," 0.0007467"
"1"," 0.0007282"
"1"," 0.000716"
"1"," 0.0007079"
"1"," 0.0006976"
"1"," 0.0006904"
"1","
"
"1","                      "
"1","     PC491"
"1","     PC492"
"1","    PC493"
"1","     PC494"
"1","    PC495"
"1","     PC496"
"1","
Standard deviation    "
"1"," 0.0006799"
"1"," 0.0006666"
"1"," 0.000649"
"1"," 0.0006388"
"1"," 0.000635"
"1"," 0.0006178"
"1","
"
"1","                      "
"1","     PC497"
"1","     PC498"
"1","     PC499"
"1","     PC500"
"1","     PC501"
"1","
Standard deviation    "
"1"," 0.0006127"
"1"," 0.0005971"
"1"," 0.0005877"
"1"," 0.0005786"
"1"," 0.0005695"
"1","
"
"1","                      "
"1","     PC502"
"1","     PC503"
"1","     PC504"
"1","     PC505"
"1","    PC506"
"1","     PC507"
"1","
Standard deviation    "
"1"," 0.0005667"
"1"," 0.0005545"
"1"," 0.0005473"
"1"," 0.0005391"
"1"," 0.000529"
"1"," 0.0005072"
"1","
"
"1","                      "
"1","    PC508"
"1","     PC509"
"1","     PC510"
"1","     PC511"
"1","     PC512"
"1","     PC513"
"1","
Standard deviation    "
"1"," 0.000506"
"1"," 0.0004897"
"1"," 0.0004768"
"1"," 0.0004695"
"1"," 0.0004623"
"1"," 0.0004485"
"1","
"
"1","                      "
"1","     PC514"
"1","     PC515"
"1","     PC516"
"1","     PC517"
"1","     PC518"
"1","
Standard deviation    "
"1"," 0.0004444"
"1"," 0.0004381"
"1"," 0.0004364"
"1"," 0.0004307"
"1"," 0.0004229"
"1","
"
"1","                      "
"1","     PC519"
"1","     PC520"
"1","     PC521"
"1","     PC522"
"1","     PC523"
"1","
Standard deviation    "
"1"," 0.0004156"
"1"," 0.0004053"
"1"," 0.0003993"
"1"," 0.0003947"
"1"," 0.0003858"
"1","
"
"1","                      "
"1","     PC524"
"1","     PC525"
"1","     PC526"
"1","     PC527"
"1","     PC528"
"1","
Standard deviation    "
"1"," 0.0003797"
"1"," 0.0003707"
"1"," 0.0003694"
"1"," 0.0003658"
"1"," 0.0003527"
"1","
"
"1","                      "
"1","     PC529"
"1","     PC530"
"1","     PC531"
"1","     PC532"
"1","     PC533"
"1","
Standard deviation    "
"1"," 0.0003483"
"1"," 0.0003443"
"1"," 0.0003415"
"1"," 0.0003357"
"1"," 0.0003229"
"1","
"
"1","                      "
"1","     PC534"
"1","     PC535"
"1","     PC536"
"1","     PC537"
"1","     PC538"
"1","
Standard deviation    "
"1"," 0.0003202"
"1"," 0.0003148"
"1"," 0.0003082"
"1"," 0.0002998"
"1"," 0.0002891"
"1","
"
"1","                      "
"1","     PC539"
"1","     PC540"
"1","     PC541"
"1","     PC542"
"1","     PC543"
"1","
Standard deviation    "
"1"," 0.0002833"
"1"," 0.0002811"
"1"," 0.0002761"
"1"," 0.0002659"
"1"," 0.0002601"
"1","
"
"1","                      "
"1","     PC544"
"1","     PC545"
"1","     PC546"
"1","     PC547"
"1","     PC548"
"1","
Standard deviation    "
"1"," 0.0002553"
"1"," 0.0002491"
"1"," 0.0002418"
"1"," 0.0002393"
"1"," 0.0002351"
"1","
"
"1","                      "
"1","     PC549"
"1","    PC550"
"1","     PC551"
"1","     PC552"
"1","     PC553"
"1","     PC554"
"1","
Standard deviation    "
"1"," 0.0002314"
"1"," 0.000225"
"1"," 0.0002172"
"1"," 0.0002166"
"1"," 0.0002086"
"1"," 0.0002063"
"1","
"
"1","                      "
"1","     PC555"
"1","     PC556"
"1","     PC557"
"1","    PC558"
"1","     PC559"
"1","     PC560"
"1","
Standard deviation    "
"1"," 0.0002023"
"1"," 0.0002001"
"1"," 0.0001981"
"1"," 0.000197"
"1"," 0.0001922"
"1"," 0.0001871"
"1","
"
"1","                      "
"1","     PC561"
"1","    PC562"
"1","     PC563"
"1","     PC564"
"1","     PC565"
"1","     PC566"
"1","
Standard deviation    "
"1"," 0.0001801"
"1"," 0.000179"
"1"," 0.0001752"
"1"," 0.0001723"
"1"," 0.0001711"
"1"," 0.0001676"
"1","
"
"1","                      "
"1","     PC567"
"1","     PC568"
"1","     PC569"
"1","     PC570"
"1","     PC571"
"1","
Standard deviation    "
"1"," 0.0001658"
"1"," 0.0001647"
"1"," 0.0001605"
"1"," 0.0001583"
"1"," 0.0001541"
"1","
"
"1","                      "
"1","     PC572"
"1","     PC573"
"1","    PC574"
"1","     PC575"
"1","     PC576"
"1","     PC577"
"1","
Standard deviation    "
"1"," 0.0001526"
"1"," 0.0001519"
"1"," 0.000147"
"1"," 0.0001426"
"1"," 0.0001411"
"1"," 0.0001397"
"1","
"
"1","                      "
"1","     PC578"
"1","     PC579"
"1","     PC580"
"1","     PC581"
"1","     PC582"
"1","
Standard deviation    "
"1"," 0.0001373"
"1"," 0.0001344"
"1"," 0.0001337"
"1"," 0.0001321"
"1"," 0.0001318"
"1","
"
"1","                      "
"1","     PC583"
"1","     PC584"
"1","     PC585"
"1","     PC586"
"1","     PC587"
"1","
Standard deviation    "
"1"," 0.0001305"
"1"," 0.0001243"
"1"," 0.0001203"
"1"," 0.0001182"
"1"," 0.0001152"
"1","
"
"1","                      "
"1","     PC588"
"1","     PC589"
"1","     PC590"
"1","     PC591"
"1","     PC592"
"1","    PC593"
"1","
Standard deviation    "
"1"," 0.0001103"
"1"," 0.0001075"
"1"," 0.0001064"
"1"," 9.974e-05"
"1"," 9.778e-05"
"1"," 9.64e-05"
"1","
"
"1","                      "
"1","     PC594"
"1","    PC595"
"1","     PC596"
"1","     PC597"
"1","     PC598"
"1","     PC599"
"1","
Standard deviation    "
"1"," 9.263e-05"
"1"," 9.15e-05"
"1"," 9.084e-05"
"1"," 8.808e-05"
"1"," 8.732e-05"
"1"," 8.664e-05"
"1","
"
"1","                      "
"1","     PC600"
"1","     PC601"
"1","     PC602"
"1","    PC603"
"1","     PC604"
"1","    PC605"
"1","
Standard deviation    "
"1"," 8.559e-05"
"1"," 8.327e-05"
"1"," 8.008e-05"
"1"," 7.82e-05"
"1"," 7.752e-05"
"1"," 7.73e-05"
"1","
"
"1","                      "
"1","     PC606"
"1","     PC607"
"1","     PC608"
"1","     PC609"
"1","     PC610"
"1","
Standard deviation    "
"1"," 7.543e-05"
"1"," 7.397e-05"
"1"," 7.233e-05"
"1"," 7.112e-05"
"1"," 6.999e-05"
"1","
"
"1","                      "
"1","     PC611"
"1","     PC612"
"1","     PC613"
"1","     PC614"
"1","    PC615"
"1","     PC616"
"1","
Standard deviation    "
"1"," 6.914e-05"
"1"," 6.657e-05"
"1"," 6.544e-05"
"1"," 6.453e-05"
"1"," 6.39e-05"
"1"," 6.134e-05"
"1","
"
"1","                      "
"1","     PC617"
"1","     PC618"
"1","     PC619"
"1","     PC620"
"1","     PC621"
"1","
Standard deviation    "
"1"," 6.072e-05"
"1"," 6.027e-05"
"1"," 5.934e-05"
"1"," 5.796e-05"
"1"," 5.722e-05"
"1","
"
"1","                      "
"1","     PC622"
"1","     PC623"
"1","     PC624"
"1","     PC625"
"1","     PC626"
"1","
Standard deviation    "
"1"," 5.623e-05"
"1"," 5.516e-05"
"1"," 5.407e-05"
"1"," 5.246e-05"
"1"," 5.032e-05"
"1","
"
"1","                      "
"1","     PC627"
"1","     PC628"
"1","     PC629"
"1","     PC630"
"1","     PC631"
"1","
Standard deviation    "
"1"," 4.958e-05"
"1"," 4.865e-05"
"1"," 4.824e-05"
"1"," 4.757e-05"
"1"," 4.673e-05"
"1","
"
"1","                      "
"1","     PC632"
"1","     PC633"
"1","     PC634"
"1","     PC635"
"1","     PC636"
"1","
Standard deviation    "
"1"," 4.549e-05"
"1"," 4.499e-05"
"1"," 4.437e-05"
"1"," 4.306e-05"
"1"," 4.144e-05"
"1","
"
"1","                      "
"1","     PC637"
"1","     PC638"
"1","    PC639"
"1","    PC640"
"1","     PC641"
"1","     PC642"
"1","
Standard deviation    "
"1"," 4.133e-05"
"1"," 4.031e-05"
"1"," 3.98e-05"
"1"," 3.97e-05"
"1"," 3.857e-05"
"1"," 3.715e-05"
"1","
"
"1","                      "
"1","     PC643"
"1","     PC644"
"1","     PC645"
"1","     PC646"
"1","     PC647"
"1","
Standard deviation    "
"1"," 3.684e-05"
"1"," 3.498e-05"
"1"," 3.412e-05"
"1"," 3.361e-05"
"1"," 3.334e-05"
"1","
"
"1","                      "
"1","     PC648"
"1","     PC649"
"1","     PC650"
"1","     PC651"
"1","     PC652"
"1","
Standard deviation    "
"1"," 3.274e-05"
"1"," 3.251e-05"
"1"," 3.193e-05"
"1"," 3.096e-05"
"1"," 3.074e-05"
"1","
"
"1","                      "
"1","     PC653"
"1","     PC654"
"1","     PC655"
"1","    PC656"
"1","     PC657"
"1","     PC658"
"1","
Standard deviation    "
"1"," 2.948e-05"
"1"," 2.898e-05"
"1"," 2.813e-05"
"1"," 2.74e-05"
"1"," 2.693e-05"
"1"," 2.631e-05"
"1","
"
"1","                      "
"1","     PC659"
"1","     PC660"
"1","     PC661"
"1","     PC662"
"1","     PC663"
"1","    PC664"
"1","
Standard deviation    "
"1"," 2.592e-05"
"1"," 2.545e-05"
"1"," 2.526e-05"
"1"," 2.498e-05"
"1"," 2.434e-05"
"1"," 2.39e-05"
"1","
"
"1","                      "
"1","    PC665"
"1","     PC666"
"1","     PC667"
"1","     PC668"
"1","    PC669"
"1","    PC670"
"1","
Standard deviation    "
"1"," 2.34e-05"
"1"," 2.322e-05"
"1"," 2.303e-05"
"1"," 2.234e-05"
"1"," 2.18e-05"
"1"," 2.15e-05"
"1","
"
"1","                      "
"1","     PC671"
"1","     PC672"
"1","     PC673"
"1","     PC674"
"1","     PC675"
"1","
Standard deviation    "
"1"," 2.098e-05"
"1"," 2.082e-05"
"1"," 2.048e-05"
"1"," 2.012e-05"
"1"," 1.969e-05"
"1","
"
"1","                      "
"1","     PC676"
"1","     PC677"
"1","    PC678"
"1","     PC679"
"1","     PC680"
"1","     PC681"
"1","
Standard deviation    "
"1"," 1.936e-05"
"1"," 1.879e-05"
"1"," 1.86e-05"
"1"," 1.837e-05"
"1"," 1.777e-05"
"1"," 1.726e-05"
"1","
"
"1","                      "
"1","    PC682"
"1","    PC683"
"1","     PC684"
"1","     PC685"
"1","     PC686"
"1","     PC687"
"1","
Standard deviation    "
"1"," 1.71e-05"
"1"," 1.68e-05"
"1"," 1.614e-05"
"1"," 1.612e-05"
"1"," 1.564e-05"
"1"," 1.524e-05"
"1","
"
"1","                      "
"1","     PC688"
"1","     PC689"
"1","     PC690"
"1","   PC691"
"1","     PC692"
"1","     PC693"
"1","
Standard deviation    "
"1"," 1.484e-05"
"1"," 1.436e-05"
"1"," 1.416e-05"
"1"," 1.4e-05"
"1"," 1.381e-05"
"1"," 1.356e-05"
"1","
"
"1","                      "
"1","     PC694"
"1","     PC695"
"1","     PC696"
"1","     PC697"
"1","     PC698"
"1","
Standard deviation    "
"1"," 1.313e-05"
"1"," 1.277e-05"
"1"," 1.268e-05"
"1"," 1.246e-05"
"1"," 1.215e-05"
"1","
"
"1","                      "
"1","     PC699"
"1","     PC700"
"1","     PC701"
"1","     PC702"
"1","     PC703"
"1","
Standard deviation    "
"1"," 1.192e-05"
"1"," 1.159e-05"
"1"," 1.146e-05"
"1"," 1.089e-05"
"1"," 1.069e-05"
"1","
"
"1","                      "
"1","     PC704"
"1","     PC705"
"1","     PC706"
"1","     PC707"
"1","     PC708"
"1","
Standard deviation    "
"1"," 1.067e-05"
"1"," 1.048e-05"
"1"," 1.016e-05"
"1"," 9.988e-06"
"1"," 9.693e-06"
"1","
"
"1","                      "
"1","     PC709"
"1","     PC710"
"1","     PC711"
"1","     PC712"
"1","     PC713"
"1","
Standard deviation    "
"1"," 9.607e-06"
"1"," 9.335e-06"
"1"," 9.106e-06"
"1"," 8.954e-06"
"1"," 8.773e-06"
"1","
"
"1","                      "
"1","     PC714"
"1","   PC715"
"1","     PC716"
"1","     PC717"
"1","     PC718"
"1","     PC719"
"1","
Standard deviation    "
"1"," 8.719e-06"
"1"," 8.5e-06"
"1"," 8.285e-06"
"1"," 7.913e-06"
"1"," 7.742e-06"
"1"," 7.689e-06"
"1","
"
"1","                      "
"1","     PC720"
"1","     PC721"
"1","     PC722"
"1","     PC723"
"1","     PC724"
"1","
Standard deviation    "
"1"," 7.433e-06"
"1"," 7.248e-06"
"1"," 7.209e-06"
"1"," 7.049e-06"
"1"," 6.922e-06"
"1","
"
"1","                      "
"1","     PC725"
"1","    PC726"
"1","     PC727"
"1","     PC728"
"1","     PC729"
"1","     PC730"
"1","
Standard deviation    "
"1"," 6.768e-06"
"1"," 6.73e-06"
"1"," 6.554e-06"
"1"," 6.383e-06"
"1"," 6.243e-06"
"1"," 6.179e-06"
"1","
"
"1","                      "
"1","     PC731"
"1","     PC732"
"1","     PC733"
"1","     PC734"
"1","     PC735"
"1","
Standard deviation    "
"1"," 6.047e-06"
"1"," 5.853e-06"
"1"," 5.807e-06"
"1"," 5.655e-06"
"1"," 5.599e-06"
"1","
"
"1","                      "
"1","     PC736"
"1","   PC737"
"1","     PC738"
"1","     PC739"
"1","     PC740"
"1","     PC741"
"1","
Standard deviation    "
"1"," 5.463e-06"
"1"," 5.3e-06"
"1"," 5.192e-06"
"1"," 5.108e-06"
"1"," 4.964e-06"
"1"," 4.822e-06"
"1","
"
"1","                      "
"1","    PC742"
"1","     PC743"
"1","     PC744"
"1","     PC745"
"1","     PC746"
"1","    PC747"
"1","
Standard deviation    "
"1"," 4.69e-06"
"1"," 4.607e-06"
"1"," 4.539e-06"
"1"," 4.437e-06"
"1"," 4.353e-06"
"1"," 4.26e-06"
"1","
"
"1","                      "
"1","     PC748"
"1","     PC749"
"1","     PC750"
"1","     PC751"
"1","     PC752"
"1","
Standard deviation    "
"1"," 4.214e-06"
"1"," 4.138e-06"
"1"," 4.021e-06"
"1"," 3.934e-06"
"1"," 3.817e-06"
"1","
"
"1","                      "
"1","     PC753"
"1","     PC754"
"1","     PC755"
"1","     PC756"
"1","     PC757"
"1","    PC758"
"1","
Standard deviation    "
"1"," 3.661e-06"
"1"," 3.478e-06"
"1"," 3.398e-06"
"1"," 3.345e-06"
"1"," 3.242e-06"
"1"," 3.17e-06"
"1","
"
"1","                      "
"1","     PC759"
"1","     PC760"
"1","     PC761"
"1","     PC762"
"1","     PC763"
"1","
Standard deviation    "
"1"," 3.082e-06"
"1"," 3.021e-06"
"1"," 2.951e-06"
"1"," 2.884e-06"
"1"," 2.853e-06"
"1","
"
"1","                      "
"1","     PC764"
"1","     PC765"
"1","    PC766"
"1","     PC767"
"1","     PC768"
"1","     PC769"
"1","
Standard deviation    "
"1"," 2.812e-06"
"1"," 2.709e-06"
"1"," 2.65e-06"
"1"," 2.618e-06"
"1"," 2.568e-06"
"1"," 2.525e-06"
"1","
"
"1","                      "
"1","     PC770"
"1","     PC771"
"1","     PC772"
"1","     PC773"
"1","     PC774"
"1","
Standard deviation    "
"1"," 2.342e-06"
"1"," 2.284e-06"
"1"," 2.234e-06"
"1"," 2.209e-06"
"1"," 2.146e-06"
"1","
"
"1","                      "
"1","     PC775"
"1","     PC776"
"1","     PC777"
"1","     PC778"
"1","    PC779"
"1","     PC780"
"1","
Standard deviation    "
"1"," 2.041e-06"
"1"," 2.009e-06"
"1"," 1.946e-06"
"1"," 1.911e-06"
"1"," 1.87e-06"
"1"," 1.821e-06"
"1","
"
"1","                      "
"1","     PC781"
"1","     PC782"
"1","     PC783"
"1","     PC784"
"1","     PC785"
"1","    PC786"
"1","
Standard deviation    "
"1"," 1.815e-06"
"1"," 1.773e-06"
"1"," 1.737e-06"
"1"," 1.697e-06"
"1"," 1.684e-06"
"1"," 1.66e-06"
"1","
"
"1","                      "
"1","     PC787"
"1","     PC788"
"1","     PC789"
"1","     PC790"
"1","     PC791"
"1","    PC792"
"1","
Standard deviation    "
"1"," 1.648e-06"
"1"," 1.614e-06"
"1"," 1.598e-06"
"1"," 1.578e-06"
"1"," 1.554e-06"
"1"," 1.53e-06"
"1","
"
"1","                      "
"1","     PC793"
"1","     PC794"
"1","     PC795"
"1","     PC796"
"1","     PC797"
"1","
Standard deviation    "
"1"," 1.503e-06"
"1"," 1.498e-06"
"1"," 1.468e-06"
"1"," 1.458e-06"
"1"," 1.426e-06"
"1","
"
"1","                      "
"1","     PC798"
"1","     PC799"
"1","     PC800"
"1","     PC801"
"1","     PC802"
"1","
Standard deviation    "
"1"," 1.415e-06"
"1"," 1.397e-06"
"1"," 1.378e-06"
"1"," 1.354e-06"
"1"," 1.328e-06"
"1","
"
"1","                      "
"1","     PC803"
"1","     PC804"
"1","     PC805"
"1","     PC806"
"1","     PC807"
"1","
Standard deviation    "
"1"," 1.311e-06"
"1"," 1.298e-06"
"1"," 1.266e-06"
"1"," 1.261e-06"
"1"," 1.248e-06"
"1","
"
"1","                      "
"1","     PC808"
"1","     PC809"
"1","     PC810"
"1","     PC811"
"1","     PC812"
"1","
Standard deviation    "
"1"," 1.241e-06"
"1"," 1.231e-06"
"1"," 1.218e-06"
"1"," 1.198e-06"
"1"," 1.193e-06"
"1","
"
"1","                      "
"1","     PC813"
"1","     PC814"
"1","     PC815"
"1","     PC816"
"1","     PC817"
"1","
Standard deviation    "
"1"," 1.177e-06"
"1"," 1.174e-06"
"1"," 1.149e-06"
"1"," 1.146e-06"
"1"," 1.127e-06"
"1","
"
"1","                      "
"1","     PC818"
"1","     PC819"
"1","     PC820"
"1","    PC821"
"1","     PC822"
"1","    PC823"
"1","
Standard deviation    "
"1"," 1.117e-06"
"1"," 1.099e-06"
"1"," 1.092e-06"
"1"," 1.08e-06"
"1"," 1.073e-06"
"1"," 1.06e-06"
"1","
"
"1","                      "
"1","     PC824"
"1","     PC825"
"1","     PC826"
"1","     PC827"
"1","     PC828"
"1","
Standard deviation    "
"1"," 1.056e-06"
"1"," 1.046e-06"
"1"," 1.041e-06"
"1"," 1.033e-06"
"1"," 1.013e-06"
"1","
"
"1","                      "
"1","     PC829"
"1","     PC830"
"1","     PC831"
"1","     PC832"
"1","     PC833"
"1","
Standard deviation    "
"1"," 1.001e-06"
"1"," 9.977e-07"
"1"," 9.906e-07"
"1"," 9.813e-07"
"1"," 9.644e-07"
"1","
"
"1","                      "
"1","     PC834"
"1","     PC835"
"1","     PC836"
"1","     PC837"
"1","     PC838"
"1","    PC839"
"1","
Standard deviation    "
"1"," 9.587e-07"
"1"," 9.571e-07"
"1"," 9.474e-07"
"1"," 9.377e-07"
"1"," 9.336e-07"
"1"," 9.26e-07"
"1","
"
"1","                      "
"1","     PC840"
"1","     PC841"
"1","     PC842"
"1","     PC843"
"1","    PC844"
"1","     PC845"
"1","
Standard deviation    "
"1"," 9.189e-07"
"1"," 9.171e-07"
"1"," 9.098e-07"
"1"," 9.011e-07"
"1"," 8.98e-07"
"1"," 8.946e-07"
"1","
"
"1","                      "
"1","     PC846"
"1","    PC847"
"1","     PC848"
"1","     PC849"
"1","     PC850"
"1","     PC851"
"1","
Standard deviation    "
"1"," 8.877e-07"
"1"," 8.79e-07"
"1"," 8.754e-07"
"1"," 8.611e-07"
"1"," 8.575e-07"
"1"," 8.475e-07"
"1","
"
"1","                      "
"1","     PC852"
"1","     PC853"
"1","     PC854"
"1","     PC855"
"1","     PC856"
"1","    PC857"
"1","
Standard deviation    "
"1"," 8.415e-07"
"1"," 8.386e-07"
"1"," 8.338e-07"
"1"," 8.314e-07"
"1"," 8.262e-07"
"1"," 8.11e-07"
"1","
"
"1","                      "
"1","     PC858"
"1","    PC859"
"1","     PC860"
"1","    PC861"
"1","     PC862"
"1","     PC863"
"1","
Standard deviation    "
"1"," 8.082e-07"
"1"," 8.04e-07"
"1"," 7.943e-07"
"1"," 7.87e-07"
"1"," 7.824e-07"
"1"," 7.759e-07"
"1","
"
"1","                      "
"1","     PC864"
"1","     PC865"
"1","     PC866"
"1","    PC867"
"1","     PC868"
"1","     PC869"
"1","
Standard deviation    "
"1"," 7.719e-07"
"1"," 7.701e-07"
"1"," 7.675e-07"
"1"," 7.59e-07"
"1"," 7.554e-07"
"1"," 7.504e-07"
"1","
"
"1","                      "
"1","     PC870"
"1","     PC871"
"1","     PC872"
"1","     PC873"
"1","    PC874"
"1","     PC875"
"1","
Standard deviation    "
"1"," 7.409e-07"
"1"," 7.391e-07"
"1"," 7.342e-07"
"1"," 7.306e-07"
"1"," 7.24e-07"
"1"," 7.147e-07"
"1","
"
"1","                      "
"1","     PC876"
"1","     PC877"
"1","     PC878"
"1","     PC879"
"1","    PC880"
"1","     PC881"
"1","
Standard deviation    "
"1"," 7.121e-07"
"1"," 7.064e-07"
"1"," 7.019e-07"
"1"," 6.987e-07"
"1"," 6.95e-07"
"1"," 6.917e-07"
"1","
"
"1","                      "
"1","     PC882"
"1","     PC883"
"1","     PC884"
"1","     PC885"
"1","     PC886"
"1","
Standard deviation    "
"1"," 6.891e-07"
"1"," 6.856e-07"
"1"," 6.765e-07"
"1"," 6.738e-07"
"1"," 6.694e-07"
"1","
"
"1","                      "
"1","     PC887"
"1","     PC888"
"1","     PC889"
"1","     PC890"
"1","     PC891"
"1","
Standard deviation    "
"1"," 6.645e-07"
"1"," 6.582e-07"
"1"," 6.531e-07"
"1"," 6.481e-07"
"1"," 6.436e-07"
"1","
"
"1","                      "
"1","     PC892"
"1","     PC893"
"1","     PC894"
"1","     PC895"
"1","     PC896"
"1","
Standard deviation    "
"1"," 6.376e-07"
"1"," 6.354e-07"
"1"," 6.315e-07"
"1"," 6.239e-07"
"1"," 6.179e-07"
"1","
"
"1","                      "
"1","     PC897"
"1","     PC898"
"1","    PC899"
"1","     PC900"
"1","     PC901"
"1","     PC902"
"1","
Standard deviation    "
"1"," 6.129e-07"
"1"," 6.107e-07"
"1"," 6.07e-07"
"1"," 6.041e-07"
"1"," 5.983e-07"
"1"," 5.957e-07"
"1","
"
"1","                      "
"1","     PC903"
"1","    PC904"
"1","     PC905"
"1","    PC906"
"1","     PC907"
"1","     PC908"
"1","
Standard deviation    "
"1"," 5.864e-07"
"1"," 5.85e-07"
"1"," 5.811e-07"
"1"," 5.77e-07"
"1"," 5.742e-07"
"1"," 5.709e-07"
"1","
"
"1","                      "
"1","     PC909"
"1","     PC910"
"1","     PC911"
"1","     PC912"
"1","    PC913"
"1","     PC914"
"1","
Standard deviation    "
"1"," 5.633e-07"
"1"," 5.609e-07"
"1"," 5.587e-07"
"1"," 5.577e-07"
"1"," 5.54e-07"
"1"," 5.478e-07"
"1","
"
"1","                      "
"1","     PC915"
"1","     PC916"
"1","     PC917"
"1","     PC918"
"1","     PC919"
"1","
Standard deviation    "
"1"," 5.448e-07"
"1"," 5.401e-07"
"1"," 5.358e-07"
"1"," 5.336e-07"
"1"," 5.297e-07"
"1","
"
"1","                      "
"1","     PC920"
"1","     PC921"
"1","     PC922"
"1","     PC923"
"1","     PC924"
"1","    PC925"
"1","
Standard deviation    "
"1"," 5.263e-07"
"1"," 5.191e-07"
"1"," 5.176e-07"
"1"," 5.154e-07"
"1"," 5.121e-07"
"1"," 5.09e-07"
"1","
"
"1","                      "
"1","     PC926"
"1","     PC927"
"1","     PC928"
"1","     PC929"
"1","     PC930"
"1","
Standard deviation    "
"1"," 5.038e-07"
"1"," 5.015e-07"
"1"," 5.004e-07"
"1"," 4.964e-07"
"1"," 4.911e-07"
"1","
"
"1","                      "
"1","     PC931"
"1","     PC932"
"1","     PC933"
"1","     PC934"
"1","     PC935"
"1","
Standard deviation    "
"1"," 4.863e-07"
"1"," 4.826e-07"
"1"," 4.801e-07"
"1"," 4.778e-07"
"1"," 4.757e-07"
"1","
"
"1","                      "
"1","     PC936"
"1","     PC937"
"1","     PC938"
"1","     PC939"
"1","     PC940"
"1","
Standard deviation    "
"1"," 4.676e-07"
"1"," 4.649e-07"
"1"," 4.605e-07"
"1"," 4.565e-07"
"1"," 4.554e-07"
"1","
"
"1","                      "
"1","     PC941"
"1","     PC942"
"1","     PC943"
"1","    PC944"
"1","     PC945"
"1","     PC946"
"1","
Standard deviation    "
"1"," 4.504e-07"
"1"," 4.457e-07"
"1"," 4.437e-07"
"1"," 4.39e-07"
"1"," 4.367e-07"
"1"," 4.311e-07"
"1","
"
"1","                      "
"1","     PC947"
"1","     PC948"
"1","     PC949"
"1","    PC950"
"1","     PC951"
"1","     PC952"
"1","
Standard deviation    "
"1"," 4.291e-07"
"1"," 4.246e-07"
"1"," 4.169e-07"
"1"," 4.15e-07"
"1"," 4.123e-07"
"1"," 4.112e-07"
"1","
"
"1","                      "
"1","     PC953"
"1","     PC954"
"1","    PC955"
"1","     PC956"
"1","     PC957"
"1","    PC958"
"1","
Standard deviation    "
"1"," 4.042e-07"
"1"," 4.026e-07"
"1"," 3.97e-07"
"1"," 3.957e-07"
"1"," 3.914e-07"
"1"," 3.89e-07"
"1","
"
"1","                      "
"1","     PC959"
"1","     PC960"
"1","   PC961"
"1","     PC962"
"1","     PC963"
"1","     PC964"
"1","
Standard deviation    "
"1"," 3.842e-07"
"1"," 3.815e-07"
"1"," 3.8e-07"
"1"," 3.784e-07"
"1"," 3.742e-07"
"1"," 3.664e-07"
"1","
"
"1","                      "
"1","     PC965"
"1","     PC966"
"1","     PC967"
"1","     PC968"
"1","     PC969"
"1","
Standard deviation    "
"1"," 3.652e-07"
"1"," 3.641e-07"
"1"," 3.589e-07"
"1"," 3.552e-07"
"1"," 3.528e-07"
"1","
"
"1","                      "
"1","     PC970"
"1","     PC971"
"1","     PC972"
"1","     PC973"
"1","     PC974"
"1","
Standard deviation    "
"1"," 3.473e-07"
"1"," 3.414e-07"
"1"," 3.393e-07"
"1"," 3.338e-07"
"1"," 3.332e-07"
"1","
"
"1","                      "
"1","     PC975"
"1","     PC976"
"1","     PC977"
"1","     PC978"
"1","     PC979"
"1","
Standard deviation    "
"1"," 3.253e-07"
"1"," 3.218e-07"
"1"," 3.197e-07"
"1"," 3.139e-07"
"1"," 3.111e-07"
"1","
"
"1","                      "
"1","     PC980"
"1","     PC981"
"1","     PC982"
"1","     PC983"
"1","     PC984"
"1","
Standard deviation    "
"1"," 3.063e-07"
"1"," 3.011e-07"
"1"," 2.962e-07"
"1"," 2.925e-07"
"1"," 2.894e-07"
"1","
"
"1","                      "
"1","     PC985"
"1","     PC986"
"1","     PC987"
"1","     PC988"
"1","     PC989"
"1","   PC990"
"1","
Standard deviation    "
"1"," 2.824e-07"
"1"," 2.796e-07"
"1"," 2.738e-07"
"1"," 2.709e-07"
"1"," 2.646e-07"
"1"," 2.6e-07"
"1","
"
"1","                      "
"1","    PC991"
"1","     PC992"
"1","     PC993"
"1","     PC994"
"1","     PC995"
"1","     PC996"
"1","
Standard deviation    "
"1"," 2.57e-07"
"1"," 2.534e-07"
"1"," 2.464e-07"
"1"," 2.388e-07"
"1"," 2.289e-07"
"1"," 2.246e-07"
"1","
"
"1","                      "
"1","     PC997"
"1","     PC998"
"1","     PC999"
"1","    PC1000"
"1","
Standard deviation    "
"1"," 2.117e-07"
"1"," 1.932e-07"
"1"," 1.724e-07"
"1"," 5.846e-17"
"1","
"
"1"," [ getOption(""max.print"") 에 도달했습니다 -- 2 행들을 생략합니다 ]
"
