"0","knitr::opts_chunk$set(echo = TRUE)"
"0","library(tidyverse)"
"2","ê²½ê³ : íŒ¨í‚¤ì§€ â€˜tidyverseâ€™ëŠ” R ë²„ì „ 4.2.1ì—ì„œ ì‘ì„±ë˜ì—ˆìŠµë‹ˆë‹¤"
"2","Registered S3 methods overwritten by 'dbplyr':
  method         from
  print.tbl_lazy     
  print.tbl_sql      
"
"2","â”€â”€ [1mAttaching packages[22m â”€â”€â”€â”€â”€â”€â”€â”€â”€â”€â”€â”€â”€â”€â”€â”€â”€â”€â”€â”€â”€â”€â”€â”€â”€â”€â”€â”€â”€â”€â”€â”€â”€â”€â”€â”€â”€â”€â”€â”€â”€â”€â”€â”€â”€â”€â”€â”€â”€â”€â”€â”€â”€â”€â”€â”€â”€â”€â”€â”€â”€â”€â”€â”€â”€â”€â”€â”€â”€â”€â”€ tidyverse 1.3.2 â”€â”€"
"2","[32mâœ”[39m [34mggplot2[39m 3.4.0     [32mâœ”[39m [34mpurrr  [39m 1.0.1
[32mâœ”[39m [34mtibble [39m 3.2.1     [32mâœ”[39m [34mdplyr  [39m 1.1.1
[32mâœ”[39m [34mtidyr  [39m 1.2.0     [32mâœ”[39m [34mstringr[39m 1.4.0
[32mâœ”[39m [34mreadr  [39m 2.1.2     [32mâœ”[39m [34mforcats[39m 0.5.1"
"2","ê²½ê³ : íŒ¨í‚¤ì§€ â€˜ggplot2â€™ëŠ” R ë²„ì „ 4.2.2ì—ì„œ ì‘ì„±ë˜ì—ˆìŠµë‹ˆë‹¤"
"2","ê²½ê³ : íŒ¨í‚¤ì§€ â€˜tibbleâ€™ëŠ” R ë²„ì „ 4.2.3ì—ì„œ ì‘ì„±ë˜ì—ˆìŠµë‹ˆë‹¤"
"2","ê²½ê³ : íŒ¨í‚¤ì§€ â€˜purrrâ€™ëŠ” R ë²„ì „ 4.2.3ì—ì„œ ì‘ì„±ë˜ì—ˆìŠµë‹ˆë‹¤"
"2","ê²½ê³ : íŒ¨í‚¤ì§€ â€˜dplyrâ€™ëŠ” R ë²„ì „ 4.2.3ì—ì„œ ì‘ì„±ë˜ì—ˆìŠµë‹ˆë‹¤"
"2","â”€â”€ [1mConflicts[22m â”€â”€â”€â”€â”€â”€â”€â”€â”€â”€â”€â”€â”€â”€â”€â”€â”€â”€â”€â”€â”€â”€â”€â”€â”€â”€â”€â”€â”€â”€â”€â”€â”€â”€â”€â”€â”€â”€â”€â”€â”€â”€â”€â”€â”€â”€â”€â”€â”€â”€â”€â”€â”€â”€â”€â”€â”€â”€â”€â”€â”€â”€â”€â”€â”€â”€â”€â”€â”€â”€â”€â”€â”€â”€ tidyverse_conflicts() â”€â”€
[31mâœ–[39m [34mdplyr[39m::[32mfilter()[39m masks [34mstats[39m::filter()
[31mâœ–[39m [34mdplyr[39m::[32mlag()[39m    masks [34mstats[39m::lag()"
"0","library(ggplot2)"
"0","library(umap)"
"2","ê²½ê³ : íŒ¨í‚¤ì§€ â€˜umapâ€™ëŠ” R ë²„ì „ 4.2.3ì—ì„œ ì‘ì„±ë˜ì—ˆìŠµë‹ˆë‹¤"
